check,metric,cadence,amber,red,owner,first action
Data quality,Missing rate per input vs baseline,Monthly,+5 percentage points or >2% of values outside baseline range,+10 percentage points or a field entirely blank,Data / loan-system administrator,Find the cause (system change / vendor / form); fix the feed before touching the model
Score stability,PSI of score vs development (5 bins),Monthly (pool to quarterly if <150 applications),PSI >= max(0.10; noise threshold),PSI >= max(0.25; 2x noise threshold),Model owner,Check which inputs moved (CSI); confirm whether the applicant mix really changed
Input stability,CSI per input (5 bins),Quarterly,CSI >= max(0.10; noise threshold),CSI >= max(0.25; 2x noise threshold),Model owner,Check whether the model was built on applicants like the new ones; note any new channel or product
Decisions,Approval rate vs trailing 6 months,Monthly,Change of 5 percentage points or more,Change of 10 percentage points or more,Chief lending officer,Explain the change (policy / mix / data); if unexplained treat as a data alert
Decisions,Override rate (manual decisions against the model),Monthly,Above 10% or doubled vs trailing 6 months,Above 20%,Chief lending officer,Review a sample of overrides; are lenders compensating for something the model misses?
Early warning,Actual / expected 30+ DPD at 6 months on book,Quarterly,Ratio >= 1.25,Ratio >= 1.50 and p < 0.05,Chief lending officer,Segment the cohort (channel / industry / geography / booking month); report to credit committee
Performance,AUC of matured cohort vs development,Annually or when a cohort reaches 12 months on book,Drop > 0.03 and development AUC outside cohort 95% interval,Drop > 0.07 and outside interval,Model owner,Check by segment; if rank order degraded plan a rebuild
Calibration,Actual / expected defaults (overall and by PD band),Annually or when a cohort reaches 12 months on book,Ratio outside 0.80-1.25,Ratio outside 0.67-1.50 and 95% interval excludes 1.0,Model owner,If rank order is fine recalibrate; if not rebuild
Fair lending - outcomes,Approval adverse impact ratio (probability-weighted),Quarterly,AIR below 0.90,AIR below 0.80,Compliance lead / CLO,Run the input-level proxy review; document
Fair lending - inputs,Correlation of each input with estimated group membership,Annually and whenever an input is added or changed,|correlation| >= 0.30,|correlation| >= 0.30 and weak predictive value,Compliance lead / model owner,Document business justification; test a less discriminatory alternative
Vendor models,Vendor change notices / release notes,On every notice,Any change to inputs or methodology,Change without notice or without documentation,Vendor relationship owner,Re-run stability checks on the next month of scores; request documentation
